
-- phpMyAdmin SQL Dump
-- version 3.5.2.2
-- http://www.phpmyadmin.net
--
-- Host: localhost
-- Generation Time: Dec 07, 2016 at 10:09 AM
-- Server version: 10.0.20-MariaDB
-- PHP Version: 5.2.17

SET SQL_MODE="NO_AUTO_VALUE_ON_ZERO";
SET time_zone = "+00:00";


/*!40101 SET @OLD_CHARACTER_SET_CLIENT=@@CHARACTER_SET_CLIENT */;
/*!40101 SET @OLD_CHARACTER_SET_RESULTS=@@CHARACTER_SET_RESULTS */;
/*!40101 SET @OLD_COLLATION_CONNECTION=@@COLLATION_CONNECTION */;
/*!40101 SET NAMES utf8 */;

--
-- Database: `u985167226_sch`
--

-- --------------------------------------------------------

--
-- Table structure for table `guru`
--

CREATE TABLE IF NOT EXISTS `guru` (
  `kode_guru` varchar(5) NOT NULL,
  `nama_guru` varchar(50) NOT NULL,
  `gambar` varchar(10) NOT NULL,
  PRIMARY KEY (`kode_guru`),
  KEY `id_guru` (`kode_guru`)
) ENGINE=MyISAM DEFAULT CHARSET=latin1;

--
-- Dumping data for table `guru`
--

INSERT INTO `guru` (`kode_guru`, `nama_guru`, `gambar`) VALUES
('A1', 'Achmad Nasikin, M.Pd.', 'paknas'),
('A10', 'Tenri Farizatul Wardah, S.Pd.', ''),
('A11', 'Tulus Andrianto, S.Pd.', 'paktulus'),
('A12', 'Drs. Fuad Choliq', ''),
('A13', 'Riya Dwi Puspa, S.Pd.', ''),
('A14', 'Rendy Lusbiantoro, S.Pd.', ''),
('A15', 'Ana Wahyuning S., S.Pd.', 'buana'),
('A16', 'Andik Suharyanto, S.Pd.', ''),
('A17', 'Drs. Bambang Siswantoro', 'pakbams'),
('A18', 'Abror, M.Pd.', 'pakabror'),
('A19', 'Jevi Wenda Santi, S.Pd.', ''),
('A2', 'Drs. Sisworoso', 'pakseis'),
('A20', 'M. Masyis Dzul Hilmi, M.Pd.', ''),
('A21', 'Felly Fitriani Supriyadi, S.Pd.', ''),
('A22', 'Ria Cahya Kurnia Rahma', ''),
('A23', 'Ardhian Suseno', ''),
('A24', 'Larasati Khoirun Nisa, S.Pd', ''),
('A3', 'Intyasing Parintis, S.Pd.', ''),
('A4', 'Yakobus Sutrisno, A.Md.', ''),
('A5', 'Tri Wahyudi, S.Ag.', ''),
('A6', 'Drs. Trileksono Tj.', ''),
('A7', 'Fajar Setiawan, S.Pd.', 'pakfajar'),
('A8', 'Noer Hidayat, S.Pd.', ''),
('A9', 'Asry Wahyuningsih, S.Pd.', 'buasry'),
('B1', 'Anton Fatoni Muhid, S.Pd.', ''),
('B10', 'Aris Puji Santoso, S.Kom.', 'pakaris'),
('B11', 'Firmansyah Ayatullah, S.Kom.', ''),
('B2', 'Hery Yudianto, S.Pd', ''),
('B3', 'Santy Fidrianna, S.E.', 'busanty'),
('B4', 'Titik Apriana Dewi, S.Pd.', ''),
('B5', 'Siana Norma Heny, S.Pd.', 'buheny'),
('B6', 'Rofiqut Thoriq, S.Pd.', ''),
('B7', 'Sri Chusnul Haniyah, S.Pd.', ''),
('B8', 'Roselina Febriati, S.ST.', ''),
('B9', 'Soelarso', ''),
('C1', 'Drs. Ahmad Khuzaimi', ''),
('C10', 'Laili Agustin, S.T.', ''),
('C11', 'Bias Damiasa, S.Pd.', ''),
('C12', 'Zainul Abidin, S.Kom', ''),
('C13', 'Hendra Wahyu P., S,Kom.', 'pakhendra'),
('C14', 'Hendro Soemarno, S.T.', ''),
('C15', 'Ifa Choirunisa, S.Kom', ''),
('C16', 'Pashatania Fitri Indah L, S.Kom', 'bupasha'),
('C17', 'Moh. Hadi Wijaya, S.Kom.', 'pakhadi'),
('C18', '', ''),
('C19', 'Firdausa', ''),
('C2', 'Hariyanto, S.Pd.', ''),
('C20', 'Muhamad Arifin', ''),
('C21', 'Antonius Duty Susilo, M.T.', ''),
('C22', 'Rahmat Dwi Djatmiko, S.Kom.', 'pakrahmat'),
('C23', 'Yaniko Dimas Yogo P., S.Kom.', 'pakyaniko'),
('C24', 'Hirga Ertama Putra, S.Kom', 'pakhirga'),
('C25', 'Susanto, S.Kom.', ''),
('C26', 'Adi Nurrachman, S.T.', ''),
('C27', 'Yan Pritaningtyas, S.Pd.', ''),
('C3', 'Kustiono, S.Pd.', ''),
('C4', 'Hadi Teguh Prawito, S.T.', ''),
('C6', 'Sumarno, S.Pd.', ''),
('C7', 'Pangadongan Elfin Pujianto, S.Pd.', ''),
('C8', 'Candra Kurniawan, S.Pd.', ''),
('C9', 'M. Chusni Agus, S.Pd', ''),
('PD2', 'Dra. Peni Wardayani', ''),
('PD3', 'Emil Bahtiar Zulkarnain, S.Psi.', 'pakemil'),
('PD4', 'Nurwidiasih Firstyana W., S.Psi.', '');

-- --------------------------------------------------------

--
-- Table structure for table `guru_mapel`
--

CREATE TABLE IF NOT EXISTS `guru_mapel` (
  `kode_guru` varchar(5) NOT NULL,
  `kode_mapel` varchar(10) NOT NULL,
  UNIQUE KEY `kode_guru_3` (`kode_guru`,`kode_mapel`),
  KEY `kode_guru` (`kode_guru`,`kode_mapel`),
  KEY `kode_guru_2` (`kode_guru`),
  KEY `kode_mapel` (`kode_mapel`)
) ENGINE=MyISAM DEFAULT CHARSET=latin1;

--
-- Dumping data for table `guru_mapel`
--

INSERT INTO `guru_mapel` (`kode_guru`, `kode_mapel`) VALUES
('A1', 'PAI'),
('A10', 'BINDO'),
('A11', 'MTK'),
('A12', 'MTK'),
('A13', 'MTK'),
('A14', 'MTK'),
('A15', 'SI'),
('A16', 'SI'),
('A17', 'BING'),
('A18', 'BING'),
('A19', 'BING'),
('A2', 'PAI'),
('A20', 'PAI'),
('A21', 'BINDO'),
('A22', 'PKN'),
('A23', 'BING'),
('A24', 'BING'),
('A3', 'PAK'),
('A4', 'PAK'),
('A5', 'PAH'),
('A6', 'PKN'),
('A7', 'PKN'),
('A8', 'BINDO'),
('A9', 'BINDO'),
('B1', 'SBK'),
('B10', 'SBK'),
('B11', 'SBK'),
('B2', 'SBK'),
('B3', 'PKWU'),
('B4', 'PKWU'),
('B5', 'OR'),
('B6', 'OR'),
('B7', 'BJ'),
('B8', 'KOMPAN'),
('B9', 'SISTEL'),
('C1', 'FISIKA'),
('C10', 'SISOP'),
('C11', 'WEB'),
('C12', 'WEB'),
('C13', 'PPB'),
('C14', 'PPB'),
('C15', 'BASDAT'),
('C16', 'GRAFIK'),
('C17', 'BASDAT'),
('C18', ''),
('C19', 'WEBDIN'),
('C2', 'FISIKA'),
('C20', 'PPB'),
('C21', 'RBJ'),
('C22', 'ADSERV'),
('C23', 'WEBDIN'),
('C24', 'RBJ'),
('C25', 'SOJ'),
('C26', 'KOMDAT'),
('C27', 'TROJAR'),
('C3', 'FISIKA'),
('C4', 'PROGDAS'),
('C6', 'SISKOM'),
('C7', 'PERKOM'),
('C8', 'JARDAS'),
('C9', 'SIMDIK'),
('PD2', 'BK'),
('PD3', 'BK'),
('PD4', 'BK');

-- --------------------------------------------------------

--
-- Table structure for table `jadwal`
--

CREATE TABLE IF NOT EXISTS `jadwal` (
  `id_jadwal` int(11) NOT NULL,
  `kode_guru` varchar(5) NOT NULL,
  `kode_kelas` varchar(8) NOT NULL,
  `jam_ke` int(5) NOT NULL,
  `hari` varchar(10) NOT NULL,
  PRIMARY KEY (`id_jadwal`),
  KEY `id_jadwal` (`id_jadwal`,`kode_kelas`,`jam_ke`),
  KEY `kode_guru` (`kode_guru`),
  KEY `kode_jam` (`jam_ke`),
  KEY `kode_kelas` (`kode_kelas`)
) ENGINE=MyISAM DEFAULT CHARSET=latin1;

--
-- Dumping data for table `jadwal`
--

INSERT INTO `jadwal` (`id_jadwal`, `kode_guru`, `kode_kelas`, `jam_ke`, `hari`) VALUES
(1, 'C24', 'XIIRPL5', 2, 'senin'),
(2, 'C24', 'XIIRPL5', 3, 'senin'),
(3, 'C24', 'XIIRPL5', 4, 'senin'),
(4, 'A2', 'XIIRPL5', 5, 'senin'),
(5, 'A15', 'XIIRPL5', 6, 'senin'),
(6, 'A15', 'XIIRPL5', 7, 'senin'),
(7, 'A2', 'XIIRPL5', 8, 'senin'),
(8, 'A2', 'XIIRPL5', 9, 'senin'),
(9, 'B5', 'XIIRPL5', 10, 'senin'),
(10, 'B5', 'XIIRPL5', 11, 'senin'),
(11, 'A18', 'XIIRPL5', 1, 'selasa'),
(12, 'A18', 'XIIRPL5', 2, 'selasa'),
(13, 'A18', 'XIIRPL5', 3, 'selasa'),
(14, 'B10', 'XIIRPL5', 4, 'selasa'),
(15, 'B10', 'XIIRPL5', 5, 'selasa'),
(16, 'C23', 'XIIRPL5', 6, 'selasa'),
(17, 'C23', 'XIIRPL5', 7, 'selasa'),
(18, 'C17', 'XIIRPL5', 8, 'selasa'),
(19, 'C17', 'XIIRPL5', 9, 'selasa'),
(20, 'C17', 'XIIRPL5', 10, 'selasa'),
(21, 'A7', 'XIIRPL5', 1, 'rabu'),
(22, 'A7', 'XIIRPL5', 2, 'rabu'),
(23, 'A17', 'XIIRPL5', 3, 'rabu'),
(24, 'B3', 'XIIRPL5', 4, 'rabu'),
(25, 'B3', 'XIIRPL5', 5, 'rabu'),
(26, 'C23', 'XIIRPL5', 6, 'rabu'),
(27, 'C23', 'XIIRPL5', 7, 'rabu'),
(28, 'C22', 'XIIRPL5', 8, 'rabu'),
(29, 'C22', 'XIIRPL5', 9, 'rabu'),
(30, 'C22', 'XIIRPL5', 10, 'rabu'),
(31, 'C13', 'XIIRPL5', 1, 'kamis'),
(32, 'C13', 'XIIRPL5', 2, 'kamis'),
(33, 'C13', 'XIIRPL5', 3, 'kamis'),
(34, 'A9', 'XIIRPL5', 4, 'kamis'),
(35, 'A9', 'XIIRPL5', 5, 'kamis'),
(36, 'A11', 'XIIRPL5', 6, 'kamis'),
(37, 'A11', 'XIIRPL5', 7, 'kamis'),
(38, 'C16', 'XIIRPL5', 8, 'kamis'),
(39, 'C16', 'XIIRPL5', 9, 'kamis'),
(40, 'C16', 'XIIRPL5', 10, 'kamis'),
(41, 'A9', 'XIIRPL5', 2, 'jumat'),
(42, 'A9', 'XIIRPL5', 3, 'jumat'),
(43, 'PD3', 'XIIRPL5', 4, 'jumat'),
(44, 'C13', 'XIIRPL5', 5, 'jumat'),
(45, 'C13', 'XIIRPL5', 6, 'jumat'),
(46, 'C13', 'XIIRPL5', 7, 'jumat'),
(47, 'A11', 'XIIRPL5', 8, 'jumat'),
(48, 'A11', 'XIIRPL5', 9, 'jumat'),
(49, 'B3', 'XIIRPL2', 2, 'senin'),
(50, 'B3', 'XIIRPL2', 3, 'senin'),
(51, 'PD3', 'XIIRPL2', 4, 'senin'),
(52, 'C13', 'XIIRPL2', 5, 'senin'),
(53, 'C13', 'XIIRPL2', 6, 'senin'),
(54, 'C13', 'XIIRPL2', 7, 'senin'),
(55, 'C16', 'XIIRPL2', 8, 'senin'),
(56, 'C16', 'XIIRPL2', 9, 'senin'),
(57, 'C16', 'XIIRPL2', 10, 'senin'),
(58, 'C17', 'XIIRPL2', 1, 'selasa'),
(59, 'C17', 'XIIRPL2', 2, 'selasa'),
(60, 'C17', 'XIIRPL2', 3, 'selasa'),
(61, 'C23', 'XIIRPL2', 4, 'selasa'),
(62, 'C23', 'XIIRPL2', 5, 'selasa'),
(63, 'A7', 'XIIRPL2', 6, 'selasa'),
(64, 'A7', 'XIIRPL2', 7, 'selasa'),
(65, 'B10', 'XIIRPL2', 8, 'selasa'),
(66, 'B10', 'XIIRPL2', 9, 'selasa'),
(67, 'B5', 'XIIRPL2', 10, 'selasa'),
(68, 'B5', 'XIIRPL2', 11, 'selasa'),
(69, 'C13', 'XIIRPL2', 1, 'rabu'),
(70, 'C13', 'XIIRPL2', 2, 'rabu'),
(71, 'C13', 'XIIRPL2', 3, 'rabu'),
(72, 'A12', 'XIIRPL2', 4, 'rabu'),
(73, 'A12', 'XIIRPL2', 5, 'rabu'),
(74, 'C24', 'XIIRPL2', 6, 'rabu'),
(75, 'C24', 'XIIRPL2', 7, 'rabu'),
(76, 'C24', 'XIIRPL2', 8, 'rabu'),
(77, 'A17', 'XIIRPL2', 9, 'rabu'),
(78, 'A18', 'XIIRPL2', 1, 'kamis'),
(79, 'A18', 'XIIRPL2', 2, 'kamis'),
(80, 'A18', 'XIIRPL2', 3, 'kamis'),
(81, 'A12', 'XIIRPL2', 4, 'kamis'),
(82, 'A12', 'XIIRPL2', 5, 'kamis'),
(83, 'C23', 'XIIRPL2', 6, 'kamis'),
(84, 'C23', 'XIIRPL2', 7, 'kamis'),
(85, 'A15', 'XIIRPL2', 8, 'kamis'),
(86, 'A15', 'XIIRPL2', 9, 'kamis'),
(87, 'A9', 'XIIRPL2', 10, 'kamis'),
(88, 'A9', 'XIIRPL2', 11, 'kamis'),
(89, 'A2', 'XIIRPL2', 2, 'jumat'),
(90, 'A2', 'XIIRPL2', 3, 'jumat'),
(91, 'C22', 'XIIRPL2', 4, 'jumat'),
(92, 'C22', 'XIIRPL2', 5, 'jumat'),
(93, 'C22', 'XIIRPL2', 6, 'jumat'),
(94, 'A9', 'XIIRPL2', 7, 'jumat'),
(95, 'A9', 'XIIRPL2', 8, 'jumat'),
(96, 'A2', 'XIIRPL2', 9, 'jumat'),
(97, 'C13', 'XIIRPL1', 2, 'senin'),
(98, 'C13', 'XIIRPL1', 3, 'senin'),
(99, 'C13', 'XIIRPL1', 4, 'senin'),
(100, 'C16', 'XIIRPL1', 5, 'senin'),
(101, 'C16', 'XIIRPL1', 6, 'senin'),
(102, 'C16', 'XIIRPL1', 7, 'senin'),
(103, 'A15', 'XIIRPL1', 8, 'senin'),
(104, 'A15', 'XIIRPL1', 9, 'senin'),
(105, 'PD3', 'XIIRPL1', 10, 'senin'),
(106, 'A12', 'XIIRPL1', 1, 'selasa'),
(107, 'A12', 'XIIRPL1', 2, 'selasa'),
(108, 'B5', 'XIIRPL1', 3, 'selasa'),
(109, 'B5', 'XIIRPL1', 4, 'selasa'),
(110, 'A2', 'XIIRPL1', 5, 'selasa'),
(111, 'C13', 'XIIRPL1', 6, 'selasa'),
(112, 'C13', 'XIIRPL1', 7, 'selasa'),
(113, 'C13', 'XIIRPL1', 8, 'selasa'),
(114, 'C23', 'XIIRPL1', 9, 'selasa'),
(115, 'C23', 'XIIRPL1', 10, 'selasa'),
(116, 'A12', 'XIIRPL1', 1, 'rabu'),
(117, 'A12', 'XIIRPL1', 2, 'rabu'),
(118, 'C24', 'XIIRPL1', 3, 'rabu'),
(119, 'C24', 'XIIRPL1', 4, 'rabu'),
(120, 'C24', 'XIIRPL1', 5, 'rabu'),
(121, 'A7', 'XIIRPL1', 6, 'rabu'),
(122, 'A7', 'XIIRPL1', 7, 'rabu'),
(123, 'C17', 'XIIRPL1', 8, 'rabu'),
(124, 'C17', 'XIIRPL1', 9, 'rabu'),
(125, 'C17', 'XIIRPL1', 10, 'rabu'),
(126, 'A9', 'XIIRPL1', 1, 'kamis'),
(127, 'A9', 'XIIRPL1', 2, 'kamis'),
(128, 'A9', 'XIIRPL1', 3, 'kamis'),
(129, 'A2', 'XIIRPL1', 4, 'kamis'),
(130, 'A2', 'XIIRPL1', 5, 'kamis'),
(131, 'A18', 'XIIRPL1', 6, 'kamis'),
(132, 'A18', 'XIIRPL1', 7, 'kamis'),
(133, 'C23', 'XIIRPL1', 8, 'kamis'),
(134, 'C23', 'XIIRPL1', 9, 'kamis'),
(135, 'B10', 'XIIRPL1', 10, 'kamis'),
(136, 'B10', 'XIIRPL1', 11, 'kamis'),
(137, 'A17', 'XIIRPL1', 2, 'jumat'),
(138, 'A17', 'XIIRPL1', 3, 'jumat'),
(139, 'A9', 'XIIRPL1', 4, 'jumat'),
(140, 'B3', 'XIIRPL1', 5, 'jumat'),
(141, 'B3', 'XIIRPL1', 6, 'jumat'),
(142, 'C22', 'XIIRPL1', 7, 'jumat'),
(143, 'C22', 'XIIRPL1', 8, 'jumat'),
(144, 'C22', 'XIIRPL1', 9, 'jumat'),
(145, 'C23', 'XIIRPL3', 2, 'senin'),
(146, 'C23', 'XIIRPL3', 3, 'senin'),
(147, 'C23', 'XIIRPL3', 4, 'senin'),
(148, 'C23', 'XIIRPL3', 5, 'senin'),
(149, 'A7', 'XIIRPL3', 6, 'senin'),
(150, 'A7', 'XIIRPL3', 7, 'senin'),
(151, 'B3', 'XIIRPL3', 8, 'senin'),
(152, 'B3', 'XIIRPL3', 9, 'senin'),
(153, 'A2', 'XIIRPL3', 10, 'senin'),
(154, 'C16', 'XIIRPL3', 1, 'selasa'),
(155, 'C16', 'XIIRPL3', 2, 'selasa'),
(156, 'C16', 'XIIRPL3', 3, 'selasa'),
(157, 'C22', 'XIIRPL3', 4, 'selasa'),
(158, 'C22', 'XIIRPL3', 5, 'selasa'),
(159, 'C22', 'XIIRPL3', 6, 'selasa'),
(160, 'C24', 'XIIRPL3', 7, 'selasa'),
(161, 'C24', 'XIIRPL3', 8, 'selasa'),
(162, 'C24', 'XIIRPL3', 9, 'selasa'),
(163, 'PD3', 'XIIRPL3', 10, 'selasa'),
(164, 'B5', 'XIIRPL3', 1, 'rabu'),
(165, 'B5', 'XIIRPL3', 2, 'rabu'),
(166, 'A18', 'XIIRPL3', 3, 'rabu'),
(167, 'A18', 'XIIRPL3', 4, 'rabu'),
(168, 'C13', 'XIIRPL3', 5, 'rabu'),
(169, 'C13', 'XIIRPL3', 6, 'rabu'),
(170, 'C13', 'XIIRPL3', 7, 'rabu'),
(171, 'C13', 'XIIRPL3', 8, 'rabu'),
(172, 'A2', 'XIIRPL3', 9, 'rabu'),
(173, 'A2', 'XIIRPL3', 10, 'rabu'),
(174, 'A12', 'XIIRPL3', 1, 'kamis'),
(175, 'A12', 'XIIRPL3', 2, 'kamis'),
(176, 'A17', 'XIIRPL3', 3, 'kamis'),
(177, 'C13', 'XIIRPL3', 4, 'kamis'),
(178, 'C13', 'XIIRPL3', 5, 'kamis'),
(179, 'A9', 'XIIRPL3', 6, 'kamis'),
(180, 'A9', 'XIIRPL3', 7, 'kamis'),
(181, 'B10', 'XIIRPL3', 8, 'kamis'),
(182, 'B10', 'XIIRPL3', 9, 'kamis'),
(183, 'A18', 'XIIRPL3', 10, 'kamis'),
(184, 'A12', 'XIIRPL3', 2, 'jumat'),
(185, 'A12', 'XIIRPL3', 3, 'jumat'),
(186, 'A15', 'XIIRPL3', 4, 'jumat'),
(187, 'A15', 'XIIRPL3', 5, 'jumat'),
(188, 'C17', 'XIIRPL3', 6, 'jumat'),
(189, 'C17', 'XIIRPL3', 7, 'jumat'),
(190, 'C17', 'XIIRPL3', 8, 'jumat'),
(191, 'A9', 'XIIRPL3', 9, 'jumat'),
(192, 'A9', 'XIIRPL3', 10, 'jumat'),
(193, 'A11', 'XIIRPL4', 2, 'senin'),
(194, 'A11', 'XIIRPL4', 3, 'senin'),
(195, 'B10', 'XIIRPL4', 4, 'senin'),
(196, 'B10', 'XIIRPL4', 5, 'senin'),
(197, 'A18', 'XIIRPL4', 6, 'senin'),
(198, 'A18', 'XIIRPL4', 7, 'senin'),
(199, 'A18', 'XIIRPL4', 8, 'senin'),
(200, 'C23', 'XIIRPL4', 9, 'senin'),
(201, 'C23', 'XIIRPL4', 10, 'senin'),
(202, 'C13', 'XIIRPL4', 1, 'selasa'),
(203, 'C13', 'XIIRPL4', 2, 'selasa'),
(204, 'C13', 'XIIRPL4', 3, 'selasa'),
(205, 'C13', 'XIIRPL4', 4, 'selasa'),
(206, 'C17', 'XIIRPL4', 5, 'selasa'),
(207, 'C17', 'XIIRPL4', 6, 'selasa'),
(208, 'C17', 'XIIRPL4', 7, 'selasa'),
(209, 'C22', 'XIIRPL4', 8, 'selasa'),
(210, 'C22', 'XIIRPL4', 9, 'selasa'),
(211, 'C22', 'XIIRPL4', 10, 'selasa'),
(212, 'C16', 'XIIRPL4', 1, 'rabu'),
(213, 'C16', 'XIIRPL4', 2, 'rabu'),
(214, 'C16', 'XIIRPL4', 3, 'rabu'),
(215, 'A2', 'XIIRPL4', 4, 'rabu'),
(216, 'A2', 'XIIRPL4', 5, 'rabu'),
(217, 'A15', 'XIIRPL4', 6, 'rabu'),
(218, 'A15', 'XIIRPL4', 7, 'rabu'),
(219, 'C23', 'XIIRPL4', 8, 'rabu'),
(220, 'C23', 'XIIRPL4', 9, 'rabu'),
(221, 'A17', 'XIIRPL4', 10, 'rabu'),
(222, 'B5', 'XIIRPL4', 1, 'kamis'),
(223, 'B5', 'XIIRPL4', 2, 'kamis'),
(224, 'B3', 'XIIRPL4', 3, 'kamis'),
(225, 'B3', 'XIIRPL4', 4, 'kamis'),
(226, 'A7', 'XIIRPL4', 5, 'kamis'),
(227, 'C13', 'XIIRPL4', 6, 'kamis'),
(228, 'C13', 'XIIRPL4', 7, 'kamis'),
(229, 'A9', 'XIIRPL4', 8, 'kamis'),
(230, 'A9', 'XIIRPL4', 9, 'kamis'),
(231, 'PD3', 'XIIRPL4', 10, 'kamis'),
(232, 'A11', 'XIIRPL4', 2, 'jumat'),
(233, 'A11', 'XIIRPL4', 3, 'jumat'),
(234, 'A7', 'XIIRPL4', 4, 'jumat'),
(235, 'A9', 'XIIRPL4', 5, 'jumat'),
(236, 'A9', 'XIIRPL4', 6, 'jumat'),
(237, 'A2', 'XIIRPL4', 7, 'jumat'),
(238, 'C24', 'XIIRPL4', 8, 'jumat'),
(239, 'C24', 'XIIRPL4', 9, 'jumat'),
(240, 'C24', 'XIIRPL4', 10, 'jumat'),
(241, 'C21', 'XIITKJ1', 2, 'senin'),
(242, 'C21', 'XIITKJ1', 3, 'senin'),
(243, 'C17', 'XIITKJ1', 4, 'senin'),
(244, 'C17', 'XIITKJ1', 5, 'senin'),
(245, 'C17', 'XIITKJ1', 6, 'senin'),
(246, 'A1', 'XIITKJ1', 7, 'senin'),
(247, 'A1', 'XIITKJ1', 8, 'senin'),
(248, 'A1', 'XIITKJ1', 9, 'senin'),
(249, 'B6', 'XIITKJ1', 10, 'senin'),
(250, 'B6', 'XIITKJ1', 11, 'senin'),
(251, 'A24', 'XIITKJ1', 1, 'selasa'),
(252, 'A24', 'XIITKJ1', 2, 'selasa'),
(253, 'A21', 'XIITKJ1', 3, 'selasa'),
(254, 'A21', 'XIITKJ1', 4, 'selasa'),
(255, 'C21', 'XIITKJ1', 5, 'selasa'),
(256, 'C21', 'XIITKJ1', 6, 'selasa'),
(257, 'A17', 'XIITKJ1', 7, 'selasa'),
(258, 'A17', 'XIITKJ1', 8, 'selasa'),
(259, 'A13', 'XIITKJ1', 9, 'selasa'),
(260, 'A13', 'XIITKJ1', 10, 'selasa'),
(261, 'C26', 'XIITKJ1', 1, 'rabu'),
(262, 'C26', 'XIITKJ1', 2, 'rabu'),
(263, 'C26', 'XIITKJ1', 3, 'rabu'),
(264, 'A6', 'XIITKJ1', 4, 'rabu'),
(265, 'A6', 'XIITKJ1', 5, 'rabu'),
(266, 'A21', 'XIITKJ1', 6, 'rabu'),
(267, 'A21', 'XIITKJ1', 7, 'rabu'),
(268, 'C21', 'XIITKJ1', 8, 'rabu'),
(269, 'C21', 'XIITKJ1', 9, 'rabu'),
(270, 'C21', 'XIITKJ1', 10, 'rabu'),
(271, 'A24', 'XIITKJ1', 1, 'kamis'),
(272, 'A24', 'XIITKJ1', 2, 'kamis'),
(273, 'A21', 'XIITKJ1', 3, 'kamis'),
(274, 'A21', 'XIITKJ1', 4, 'kamis'),
(275, 'C21', 'XIITKJ1', 5, 'kamis'),
(276, 'C21', 'XIITKJ1', 6, 'kamis'),
(277, 'A17', 'XIITKJ1', 7, 'kamis'),
(278, 'A17', 'XIITKJ1', 8, 'kamis'),
(279, 'A13', 'XIITKJ1', 9, 'kamis'),
(280, 'A13', 'XIITKJ1', 10, 'kamis'),
(281, 'C27', 'XIITKJ1', 2, 'jumat'),
(282, 'C27', 'XIITKJ1', 3, 'jumat'),
(283, 'C27', 'XIITKJ1', 4, 'jumat'),
(284, 'B4', 'XIITKJ1', 5, 'jumat'),
(285, 'B4', 'XIITKJ1', 6, 'jumat'),
(286, 'PD3', 'XIITKJ1', 7, 'jumat'),
(287, 'B10', 'XIITKJ1', 8, 'jumat'),
(288, 'B10', 'XIITKJ1', 9, 'jumat'),
(289, 'A15', 'XIITKJ2', 2, 'senin'),
(290, 'A15', 'XIITKJ2', 3, 'senin'),
(291, 'C27', 'XIITKJ2', 4, 'senin'),
(292, 'C27', 'XIITKJ2', 5, 'senin'),
(293, 'C27', 'XIITKJ2', 6, 'senin'),
(294, 'B10', 'XIITKJ2', 7, 'senin'),
(295, 'B10', 'XIITKJ2', 8, 'senin'),
(296, 'A17', 'XIITKJ2', 9, 'senin'),
(297, 'A17', 'XIITKJ2', 10, 'senin'),
(298, 'A21', 'XIITKJ2', 1, 'selasa'),
(299, 'A21', 'XIITKJ2', 2, 'selasa'),
(300, 'B4', 'XIITKJ2', 3, 'selasa'),
(301, 'A24', 'XIITKJ2', 4, 'selasa'),
(302, 'A24', 'XIITKJ2', 5, 'selasa'),
(303, 'A13', 'XIITKJ2', 6, 'selasa'),
(304, 'A13', 'XIITKJ2', 7, 'selasa'),
(305, 'A1', 'XIITKJ2', 8, 'selasa'),
(306, 'A1', 'XIITKJ2', 9, 'selasa'),
(307, 'B6', 'XIITKJ2', 10, 'selasa'),
(308, 'B6', 'XIITKJ2', 11, 'selasa'),
(309, 'A21', 'XIITKJ2', 1, 'rabu'),
(310, 'A21', 'XIITKJ2', 2, 'rabu'),
(311, 'B4', 'XIITKJ2', 3, 'rabu'),
(312, 'C22', 'XIITKJ2', 4, 'rabu'),
(313, 'C22', 'XIITKJ2', 5, 'rabu'),
(314, 'C22', 'XIITKJ2', 6, 'rabu'),
(315, 'A1', 'XIITKJ2', 7, 'rabu'),
(316, 'C26', 'XIITKJ2', 8, 'rabu'),
(317, 'C26', 'XIITKJ2', 9, 'rabu'),
(318, 'C26', 'XIITKJ2', 10, 'rabu'),
(319, 'A6', 'XIITKJ2', 1, 'kamis'),
(320, 'A6', 'XIITKJ2', 2, 'kamis'),
(321, 'C17', 'XIITKJ2', 3, 'kamis'),
(322, 'C17', 'XIITKJ2', 4, 'kamis'),
(323, 'C17', 'XIITKJ2', 5, 'kamis'),
(324, 'A13', 'XIITKJ2', 6, 'kamis'),
(325, 'A13', 'XIITKJ2', 7, 'kamis'),
(326, 'C21', 'XIITKJ2', 8, 'kamis'),
(327, 'C21', 'XIITKJ2', 9, 'kamis'),
(328, 'C21', 'XIITKJ2', 10, 'kamis'),
(329, 'PD3', 'XIITKJ2', 2, 'jumat'),
(330, 'C14', 'XIITKJ2', 3, 'jumat'),
(331, 'C14', 'XIITKJ2', 4, 'jumat'),
(332, 'C14', 'XIITKJ2', 5, 'jumat'),
(333, 'C21', 'XIITKJ2', 6, 'jumat'),
(334, 'C21', 'XIITKJ2', 7, 'jumat'),
(335, 'C21', 'XIITKJ2', 8, 'jumat'),
(336, 'C21', 'XIITKJ2', 9, 'jumat'),
(337, 'B6', 'XIITKJ3', 2, 'senin'),
(338, 'B6', 'XIITKJ3', 3, 'senin'),
(339, 'C14', 'XIITKJ3', 4, 'senin'),
(340, 'C14', 'XIITKJ3', 5, 'senin'),
(341, 'C14', 'XIITKJ3', 6, 'senin'),
(342, 'C27', 'XIITKJ3', 7, 'senin'),
(343, 'C27', 'XIITKJ3', 8, 'senin'),
(344, 'C27', 'XIITKJ3', 9, 'senin'),
(345, 'A21', 'XIITKJ3', 10, 'senin'),
(346, 'A1', 'XIITKJ3', 1, 'selasa'),
(347, 'A17', 'XIITKJ3', 2, 'selasa'),
(348, 'A17', 'XIITKJ3', 3, 'selasa'),
(349, 'A13', 'XIITKJ3', 4, 'selasa'),
(350, 'A13', 'XIITKJ3', 5, 'selasa'),
(351, 'B10', 'XIITKJ3', 6, 'selasa'),
(352, 'B10', 'XIITKJ3', 7, 'selasa'),
(353, 'C21', 'XIITKJ3', 8, 'selasa'),
(354, 'C21', 'XIITKJ3', 9, 'selasa'),
(355, 'C21', 'XIITKJ3', 10, 'selasa'),
(356, 'A24', 'XIITKJ3', 1, 'rabu'),
(357, 'A24', 'XIITKJ3', 2, 'rabu'),
(358, 'A15', 'XIITKJ3', 3, 'rabu'),
(359, 'A15', 'XIITKJ3', 4, 'rabu'),
(360, 'C26', 'XIITKJ3', 5, 'rabu'),
(361, 'C26', 'XIITKJ3', 6, 'rabu'),
(362, 'C26', 'XIITKJ3', 7, 'rabu'),
(363, 'A21', 'XIITKJ3', 8, 'rabu'),
(364, 'A21', 'XIITKJ3', 9, 'rabu'),
(365, 'A21', 'XIITKJ3', 10, 'rabu'),
(366, 'C22', 'XIITKJ3', 1, 'kamis'),
(367, 'C22', 'XIITKJ3', 2, 'kamis'),
(368, 'C22', 'XIITKJ3', 3, 'kamis'),
(369, 'A13', 'XIITKJ3', 4, 'kamis'),
(370, 'A13', 'XIITKJ3', 5, 'kamis'),
(371, 'A1', 'XIITKJ3', 6, 'kamis'),
(372, 'A1', 'XIITKJ3', 7, 'kamis'),
(373, 'C17', 'XIITKJ3', 8, 'kamis'),
(374, 'C17', 'XIITKJ3', 9, 'kamis'),
(375, 'C17', 'XIITKJ3', 10, 'kamis'),
(376, 'C21', 'XIITKJ3', 2, 'jumat'),
(377, 'C21', 'XIITKJ3', 3, 'jumat'),
(378, 'C21', 'XIITKJ3', 4, 'jumat'),
(379, 'C21', 'XIITKJ3', 5, 'jumat'),
(380, 'PD3', 'XIITKJ3', 6, 'jumat'),
(381, 'B4', 'XIITKJ3', 7, 'jumat'),
(382, 'B4', 'XIITKJ3', 8, 'jumat'),
(383, 'A6', 'XIITKJ3', 9, 'jumat'),
(384, 'A6', 'XIITKJ3', 10, 'jumat'),
(385, 'B10', 'XIITKJ4', 2, 'senin'),
(386, 'B10', 'XIITKJ4', 3, 'senin'),
(387, 'C21', 'XIITKJ4', 4, 'senin'),
(388, 'C21', 'XIITKJ4', 5, 'senin'),
(389, 'C21', 'XIITKJ4', 6, 'senin'),
(390, 'C21', 'XIITKJ4', 7, 'senin'),
(391, 'C22', 'XIITKJ4', 8, 'senin'),
(392, 'C22', 'XIITKJ4', 9, 'senin'),
(393, 'C22', 'XIITKJ4', 10, 'senin'),
(394, 'A13', 'XIITKJ4', 1, 'selasa'),
(395, 'A13', 'XIITKJ4', 2, 'selasa'),
(396, 'PD3', 'XIITKJ4', 3, 'selasa'),
(397, 'A17', 'XIITKJ4', 4, 'selasa'),
(398, 'A17', 'XIITKJ4', 5, 'selasa'),
(399, 'A21', 'XIITKJ4', 6, 'selasa'),
(400, 'A21', 'XIITKJ4', 7, 'selasa'),
(401, 'C26', 'XIITKJ4', 8, 'selasa'),
(402, 'C26', 'XIITKJ4', 9, 'selasa'),
(403, 'C26', 'XIITKJ4', 10, 'selasa'),
(404, 'A15', 'XIITKJ4', 1, 'rabu'),
(405, 'A15', 'XIITKJ4', 2, 'rabu'),
(406, 'A21', 'XIITKJ4', 3, 'rabu'),
(407, 'A21', 'XIITKJ4', 4, 'rabu'),
(408, 'C21', 'XIITKJ4', 5, 'rabu'),
(409, 'C21', 'XIITKJ4', 6, 'rabu'),
(410, 'C21', 'XIITKJ4', 7, 'rabu'),
(411, 'A24', 'XIITKJ4', 8, 'rabu'),
(412, 'A24', 'XIITKJ4', 9, 'rabu'),
(413, 'A1', 'XIITKJ4', 10, 'rabu'),
(414, 'B6', 'XIITKJ4', 1, 'kamis'),
(415, 'B6', 'XIITKJ4', 2, 'kamis'),
(416, 'C27', 'XIITKJ4', 3, 'kamis'),
(417, 'C27', 'XIITKJ4', 4, 'kamis'),
(418, 'C27', 'XIITKJ4', 5, 'kamis'),
(419, 'C14', 'XIITKJ4', 6, 'kamis'),
(420, 'C14', 'XIITKJ4', 7, 'kamis'),
(421, 'C14', 'XIITKJ4', 8, 'kamis'),
(422, 'A1', 'XIITKJ4', 9, 'kamis'),
(423, 'A1', 'XIITKJ4', 10, 'kamis'),
(424, 'C17', 'XIITKJ4', 2, 'jumat'),
(425, 'C17', 'XIITKJ4', 3, 'jumat'),
(426, 'C17', 'XIITKJ4', 4, 'jumat'),
(427, 'A13', 'XIITKJ4', 5, 'jumat'),
(428, 'A13', 'XIITKJ4', 6, 'jumat'),
(429, 'A6', 'XIITKJ4', 7, 'jumat'),
(430, 'A6', 'XIITKJ4', 8, 'jumat'),
(431, 'B4', 'XIITKJ4', 9, 'jumat'),
(432, 'B4', 'XIITKJ4', 10, 'jumat');

-- --------------------------------------------------------

--
-- Table structure for table `jurusan`
--

CREATE TABLE IF NOT EXISTS `jurusan` (
  `kode_jurusan` varchar(7) NOT NULL,
  `nama_jurusan` varchar(30) NOT NULL,
  PRIMARY KEY (`kode_jurusan`),
  KEY `kode_jurusan` (`kode_jurusan`)
) ENGINE=MyISAM DEFAULT CHARSET=latin1;

--
-- Dumping data for table `jurusan`
--

INSERT INTO `jurusan` (`kode_jurusan`, `nama_jurusan`) VALUES
('RPL', 'Rekayasa Perangkat Lunak'),
('TKJ', 'Teknik Komputer dan Jaringan');

-- --------------------------------------------------------

--
-- Table structure for table `kelas`
--

CREATE TABLE IF NOT EXISTS `kelas` (
  `kode_kelas` varchar(8) NOT NULL,
  `nama_kelas` varchar(20) NOT NULL,
  `kode_jurusan` varchar(7) NOT NULL,
  `tahun` varchar(4) NOT NULL,
  PRIMARY KEY (`kode_kelas`),
  KEY `kode_kelas` (`kode_kelas`,`kode_jurusan`),
  KEY `kode_jurusan` (`kode_jurusan`)
) ENGINE=MyISAM DEFAULT CHARSET=latin1;

--
-- Dumping data for table `kelas`
--

INSERT INTO `kelas` (`kode_kelas`, `nama_kelas`, `kode_jurusan`, `tahun`) VALUES
('XIIRPL1', 'Cupcake', 'RPL', '2016'),
('XIIRPL2', 'Donut', 'RPL', '2016'),
('XIIRPL3', 'Eclair', 'RPL', '2016'),
('XIIRPL4', 'Froyo', 'RPL', '2016'),
('XIIRPL5', 'Gingerbread', 'RPL', '2016'),
('XIITKJ1', 'Honey Comb', 'TKJ', '2016'),
('XIITKJ2', 'ICS', 'TKJ', '2016'),
('XIITKJ3', 'Jelly Bean', 'TKJ', '2016'),
('XIITKJ4', 'Kitkat', 'TKJ', '2016');

-- --------------------------------------------------------

--
-- Table structure for table `mapel`
--

CREATE TABLE IF NOT EXISTS `mapel` (
  `kode_mapel` varchar(10) NOT NULL,
  `nama_mapel` varchar(50) NOT NULL,
  PRIMARY KEY (`kode_mapel`),
  KEY `kode_mapel` (`kode_mapel`)
) ENGINE=MyISAM DEFAULT CHARSET=latin1;

--
-- Dumping data for table `mapel`
--

INSERT INTO `mapel` (`kode_mapel`, `nama_mapel`) VALUES
('ADSERV', 'Administrasi Server'),
('BASDAT', 'Basis Data'),
('BINDO', 'Bahasa Indonesia'),
('BING', 'Bahasa Inggris'),
('BJ', 'Bahasa Jawa'),
('BK', 'Bimbingan Konseling'),
('FISIKA', 'Fisika'),
('GRAFIK', 'Pemrograman Grafik'),
('JARDAS', 'Jaringan Dasar'),
('KOMDAT', 'Komunikasi Data'),
('KOMPAN', 'Komputer Terapan'),
('MTK', 'Matematika'),
('OR', 'Olahraga'),
('PAH', 'Pendidikan Agama Hindu'),
('PAI', 'Pendidikan Agama Islam'),
('PAK', 'Pendidikan Agama Kristen'),
('PERKOM', 'Perakitan Komputer'),
('PKN', 'Pendidikan Kewarganegaraan Negara'),
('PKWU', 'Prakarya dan Kewirausahaan'),
('PPB', 'Pemrograman Perangkat Bergerak'),
('PROGDAS', 'Pemrograman Dasar'),
('RBJ', 'Rancang Bangun Jaringan'),
('SBK', 'Seni Budaya dan Keterampilan'),
('SI', 'Sejarah Indonesia'),
('SIMDIK', 'Simulasi Digital'),
('SISKOM', 'Sistem Komputer'),
('SISOP', 'Sistem Operasi'),
('SISTEL', 'Sistem Telekomunikasi'),
('SOJ', 'Sistem Operasi Jaringan'),
('TROJAR', 'Trobleshooting Jaringan'),
('WEB', 'Pemrograman Web'),
('WEBDIN', 'Pemrograman Web Dinamis');

-- --------------------------------------------------------

--
-- Table structure for table `siswa`
--

CREATE TABLE IF NOT EXISTS `siswa` (
  `NIS` varchar(20) NOT NULL,
  `nama_siswa` varchar(50) NOT NULL,
  `kode_kelas` varchar(8) NOT NULL,
  PRIMARY KEY (`NIS`),
  KEY `id_siswa` (`kode_kelas`)
) ENGINE=MyISAM DEFAULT CHARSET=latin1;

--
-- Dumping data for table `siswa`
--

INSERT INTO `siswa` (`NIS`, `nama_siswa`, `kode_kelas`) VALUES
('3943/1293-071', 'A. Kurniawan Febri Choriyanto', 'XIITKJ2'),
('3944/1294-071', 'Achmad Aldo Alfalus', 'XIITKJ1'),
('3945/1295-071', 'Achmad Valupi', 'XIITKJ2'),
('3946/1296-071', 'Adhitya Cahya Tama Santosa', 'XIITKJ4'),
('3948/1298-071', 'ADINDA MIRANDA SARI', 'XIITKJ3'),
('3949/1299-071', 'Aditya Yudhistira', 'XIITKJ3'),
('3950/1300-071', 'Adzinta Syamsa Hafidh', 'XIITKJ3'),
('3951/1301-071', 'Agiel Nugroho', 'XIITKJ3'),
('3952/1302-071', 'Ahmad Fauzi Novrian', 'XIITKJ4'),
('3953/1303-071', 'ALGI TIARA MAULIDA', 'XIITKJ2'),
('3954/1304-071', 'Alvian Ghuslal Ramdhani', 'XIITKJ2'),
('3956/1306-071', 'ANNISA LAILATUL  JANAH', 'XIITKJ1'),
('3957/1307-071', 'Ardiansyah Eka Pradista', 'XIITKJ3'),
('3958/1308-071', 'ARIFAH AWANA', 'XIITKJ1'),
('3959/1309-071', 'ARINI DINA YASMIN', 'XIITKJ1'),
('3960/1310-071', 'Auriel Edo Pratama', 'XIITKJ2'),
('3961/1311-071', 'Aziz Irsyad', 'XIITKJ1'),
('3962/1312-071', 'Bagas Kinantan', 'XIITKJ1'),
('3965/1315-071', 'Binar Dwi Cahya Pamungkas', 'XIITKJ4'),
('3966/1316-071', 'Bintang Dwi Egatara', 'XIITKJ4'),
('3967/1317-071', 'Bunga Aisyah Ravissangeta Yansari', 'XIITKJ4'),
('3968/1318-071', 'Camar Yonas Wicaksono', 'XIITKJ3'),
('3969/1319-071', 'CHINTYA TAMARA DEWI', 'XIITKJ1'),
('3972/1322-071', 'Dany Syarifuddin Yusuf', 'XIITKJ4'),
('3973/1323-071', 'DESCA ELIESYA DEWI', 'XIITKJ4'),
('3974/1324-071', 'DESY PUTIKA SARI', 'XIITKJ1'),
('3975/1325-071', 'Dewantara Pramudya Putra Wijaya', 'XIITKJ4'),
('3976/1326-071', 'Dhani Nusa Listyawan', 'XIITKJ4'),
('3977/1327-071', 'Dhea Fitri Ramadhani', 'XIITKJ1'),
('3979/1329-071', 'DHIYAH JHUNNIARTI', 'XIITKJ1'),
('3980/1330-071', 'Dian Rizky Putra', 'XIITKJ1'),
('3981/1331-071', 'Dimas Setiawan', 'XIITKJ3'),
('3982/1332-071', 'Ditya Ferry Herdiansyah', 'XIITKJ2'),
('3984/1334-071', 'Edi Dwi Nugroho', 'XIITKJ4'),
('3985/1335-071', 'Edo Riezky Bayu Pratama', 'XIITKJ3'),
('3986/1336-071', 'Edoardo Didan Ramadhani', 'XIITKJ3'),
('3987/1337-071', 'Edreaka Akbar Maulana', 'XIITKJ4'),
('3988/1338-071', 'ELVINA ELMA CALISTA', 'XIITKJ3'),
('3989/1339-071', 'ERISKA ANGGITA', 'XIITKJ4'),
('3990/1340-071', 'ERLINGGA SRI CAHYANINGTYAS', 'XIITKJ3'),
('3991/1341-071', 'Estiti Kusningtyas', 'XIITKJ1'),
('3994/1344-071', 'Fahril Ihza Nasrulloh', 'XIITKJ2'),
('3995/1345-071', 'Fairuz Ari Salsabila', 'XIITKJ2'),
('3998/1348-071', 'Febyana Sukmawati', 'XIITKJ4'),
('3999/1349-071', 'Fefiana Diny Hermawati', 'XIITKJ2'),
('4000/1350-071', 'Firdaus Aulia Rahman', 'XIITKJ1'),
('4002/1352-071', 'Firli Dimas Anugrah', 'XIITKJ2'),
('4004/1354-071', 'Galih Dua Mahendra', 'XIITKJ3'),
('4005/1355-071', 'Galih Laksono Hamduwibowo', 'XIITKJ1'),
('4006/1356-071', 'GALUH NIRMALA JATI', 'XIITKJ4'),
('4007/1357-071', 'GEMA ROVICA PUTRI', 'XIITKJ3'),
('4008/1358-071', 'Geofanny Purwanda Wijaya', 'XIITKJ3'),
('4010/1360-071', 'Guffron Budi Syahrony', 'XIITKJ4'),
('4011/1361-071', 'Habib Bahruddin', 'XIITKJ3'),
('4012/1362-071', 'Hafizh Ammar Pravidianto', 'XIITKJ3'),
('4014/1364-071', 'HASTI PUTRI WULANDARI', 'XIITKJ2'),
('4015/1365-071', 'Henry Michael Suryanto', 'XIITKJ2'),
('4016/1366-071', 'HULIA IHZULIA HAQ', 'XIITKJ1'),
('4018/1368-071', 'Imadudin Ahmad', 'XIITKJ3'),
('4019/1369-071', 'IMELDA ANGGI KUSUMAWATI', 'XIITKJ2'),
('4020/1370-071', 'Indah Apri Kusumahati', 'XIITKJ1'),
('4022/1372-071', 'Ivan Crisnanda', 'XIITKJ2'),
('4023/1373-071', 'Jovinda Sahda Salsa Nabilla', 'XIITKJ1'),
('4025/1375-071', 'Khariz Ar Rasyid', 'XIITKJ3'),
('4027/1377-071', 'KUDRAT AYUDIA HARTARTI', 'XIITKJ1'),
('4028/1378-071', 'KUKUK PUJI ASTUTIK', 'XIITKJ2'),
('4029/1379-071', 'Leony Agnes Prista Dewanti', 'XIITKJ2'),
('4030/1380-071', 'Lukman Nur Hakim', 'XIITKJ2'),
('4032/1382-071', 'Lusiana Diah Susanti', 'XIITKJ4'),
('4033/1383-071', 'M. Agin Syahansyah', 'XIITKJ4'),
('4034/1384-071', 'M. Dicky Ardiansyah', 'XIITKJ1'),
('4036/1386-071', 'MILDA SILVINA AZIZAH', 'XIITKJ4'),
('4037/1387-071', 'Mochammad Ilham Maulana', 'XIITKJ4'),
('4039/1389-071', 'Mochamad Wildan', 'XIITKJ2'),
('4040/1390-071', 'Mochammad Afif Choiruddin', 'XIITKJ4'),
('4041/1391-071', 'Mohammad Fauzan Arramadhan', 'XIITKJ2'),
('4042/1392-071', 'Muhammad Hafizhuddin  ', 'XIITKJ4'),
('4044/1394-071', 'Muhammad Ainur Roziqin Tahitya', 'XIITKJ2'),
('4046/1396-071', 'Muhammad Ilham Rizkyoko', 'XIITKJ3'),
('4047/1397-071', 'Muhammad Kana Riskilah', 'XIITKJ3'),
('4048/1398-071', 'Muhammad Naufal I.A.', 'XIITKJ1'),
('4049/1399-071', 'Muhammad Rizal Aliansyah', 'XIITKJ1'),
('4051/1401-071', 'Mujahid Maulana Al Farid', 'XIITKJ4'),
('4052/1402-071', 'Nabilah Putri Syabana', 'XIITKJ3'),
('4054/1404-071', 'Naufal Farras Deofanny', 'XIITKJ4'),
('4055/1405-071', 'NAURA SAFIRA PRATOMO', 'XIITKJ3'),
('4056/1406-071', 'NOVIA RUSSELIA WASSI', 'XIITKJ1'),
('4057/1407-071', 'Pradanni Kresna Mukti', 'XIITKJ2'),
('4059/1409-071', 'Prastian Arif Novianto', 'XIITKJ2'),
('4060/1410-071', 'Prisma Isro'' Nauvariski', 'XIITKJ4'),
('4061/1411-071', 'Raden Katon Anugroho', 'XIITKJ4'),
('4062/1412-071', 'Rama Agastya', 'XIITKJ1'),
('4064/1414-071', 'Resa Putra Agung Pamungkas', 'XIITKJ3'),
('4065/1415-071', 'Revli Yoga Pradana', 'XIITKJ3'),
('4066/1416-071', 'Rima Kumala Sari', 'XIITKJ4'),
('4068/1418-071', 'Rio Marshellino Thanos Korengkeng', 'XIITKJ4'),
('4069/1419-071', 'Rizal Hidayatullah', 'XIITKJ1'),
('4071/1421-071', 'Robert Enriqoe Rahmat', 'XIITKJ3'),
('4072/1422-071', 'ROVILLA ELMAGHFIROH', 'XIITKJ4'),
('4073/1423-071', 'Ryan Satria Yudhistira', 'XIITKJ3'),
('4075/1425-071', 'Sandra Darmawan', 'XIITKJ2'),
('4076/1426-071', 'SEPTY RAHMADILHA IQMAWAN', 'XIITKJ3'),
('4077/1427-071', 'SHAFEIRA DINDA LAILA', 'XIITKJ1'),
('4078/1428-071', 'SHALSABILA NATASYA WEPY PUTRI', 'XIITKJ4'),
('4080/1430-071', 'Shinta Gusti Maharani', 'XIITKJ4'),
('4082/1432-071', 'SIWI KARUNIAWATI', 'XIITKJ4'),
('4087/1437-071', 'TRI SEPTIANA NADIA PUSPITA PUTRI', 'XIITKJ1'),
('4088/1438-071', 'Ulfia Rahmah', 'XIITKJ1'),
('4089/1439-071', 'Vadis Pradya Nilotama', 'XIITKJ2'),
('4090/1440-071', 'VONDA MAYLANTASA', 'XIITKJ3'),
('4091/1441-071', 'Wahyu Agung Prasetyo', 'XIITKJ3'),
('4092/1442-071', 'WIDYANINGSIH EKA MAHARANI', 'XIITKJ1'),
('4093/1443-071', 'YOHANA ADELA IMELGA PUSPITA', 'XIITKJ3'),
('4094/1444-071', 'Yohanis Ferdinand Kauntung', 'XIITKJ1'),
('4095/1445-071', 'Yulian Sukma Pradana', 'XIITKJ4'),
('4096/1446-071', 'Yusril Ainun Fadhilah', 'XIITKJ1'),
('4097/1447-071', 'Yusril Aldian', 'XIITKJ2'),
('4100/1165-070', 'Abizard Rizky Hartanto', 'XIIRPL2'),
('4101/1166-070', 'Achmad Nuur Fadhillah', 'XIIRPL4'),
('4102/1167-070', 'Adi Prasetyo', 'XIIRPL2'),
('4103/1168-070', 'ADILLA FEDELIA LUCYA RIKA', 'XIIRPL3'),
('4104/1169-070', 'ADINDA RIZQI CAESARIA PUTRI', 'XIIRPL1'),
('4105/1170-070', 'AFISTA PRAMUDYA WARDHANI', 'XIIRPL1'),
('4106/1171-070', 'Agaton Kahfi Sugara', 'XIIRPL3'),
('4107/1172-070', 'Ahmad Syahroni', 'XIIRPL1'),
('4108/1173-070', 'AINUN HAFNI AMALIA', 'XIIRPL3'),
('4109/1174-070', 'AINUN NISA''', 'XIIRPL1'),
('4110/1175-070', 'AISYAH NANDA KARTINA', 'XIIRPL4'),
('4111/1176-070', 'AJENG DYAHAYU WINDANI', 'XIIRPL1'),
('4112/1177-070', 'Akhmad Iqbal Firdaus', 'XIIRPL3'),
('4113/1178-070', 'Aldho Yudha Fransnanda', 'XIIRPL1'),
('4114/1179-070', 'ALDILA SALMA YULITA', 'XIIRPL2'),
('4114/1297-071', 'ADINDA KIRANA DEWANTARI', 'XIITKJ2'),
('4115/1180-070', 'ALHERANI JUNIVIA NUGRAHA', 'XIIRPL1'),
('4116/1181-070', 'ALIFIAH IZZI IMANI', 'XIIRPL4'),
('4117/1182-070', 'Alifian Diasanda', 'XIIRPL5'),
('4118/1183-070', 'AMABELLA GRAFICA RIE VERELLINKI', 'XIIRPL4'),
('4119/1184-070', 'AMALIA DAMAYANTI', 'XIIRPL2'),
('4120/1185-070', 'AMALIA RIZKI FEBRIYANI', 'XIIRPL1'),
('4121/1186-070', 'Anggara Putra Pratama', 'XIIRPL4'),
('4122/1187-070', 'ANGGI LISDAYANTI', 'XIIRPL3'),
('4122/1305-071', 'ANGGUN NURFADILLAH SEPTYANI', 'XIITKJ2'),
('4123/1188-070', 'ANI SATUN KHUSNUL HAQUE', 'XIIRPL5'),
('4124/1189-070', 'ANISA FITRIYANTI PURNAMA', 'XIIRPL4'),
('4125/1190-070', 'ANISA'' NOOR', 'XIIRPL3'),
('4126/1191-070', 'ANISA PRISKI LIANA', 'XIIRPL5'),
('4127/1192-070', 'ANNISA PUSPITA RAHMA HAFIDZ', 'XIIRPL2'),
('4128/1193-070', 'ANNISA RACHMADIYANTI', 'XIIRPL5'),
('4129/1194-070', 'AQIDATUL IZZAH', 'XIIRPL5'),
('4130/1195-070', 'ARIFFANI WIDYANINGRUM', 'XIIRPL3'),
('4130/1313-071', 'Bima Aldi Pratama', 'XIITKJ1'),
('4131/1196-070', 'ARINI RAENATA CHAVIA', 'XIIRPL1'),
('4131/1314-071', 'Bimo Pradana Alfando', 'XIITKJ1'),
('4132/1197-070', 'ASTRI FADILAH', 'XIIRPL5'),
('4133/1198-070', 'AULIA KHANZA AYU PURNANTUTI', 'XIIRPL3'),
('4134/1199-070', 'AVILIA NUR ISTIQOMAH', 'XIIRPL4'),
('4135/1200-070', 'Axel Ferdian Javas Widjajanto', 'XIIRPL5'),
('4136/1201-070', 'AYU SETYA NINGTYAS', 'XIIRPL5'),
('4137/1202-070', 'Bagas Ramadhani Pratama', 'XIIRPL2'),
('4137/1320-071', 'Claudyo Panambean Jagad', 'XIITKJ2'),
('4138/1203-070', 'Bagus Dwi Jati Sasongko', 'XIIRPL5'),
('4138/1321-071', 'Dandy Purba Cantaka', 'XIITKJ1'),
('4139/1204-070', 'Bagus Narendra Sakti', 'XIIRPL2'),
('4140/1205-070', 'Baron Jahzyradja', 'XIIRPL1'),
('4141/1206-070', 'BERLIAN VERENITA VEBIOLA', 'XIIRPL4'),
('4142/1207-070', 'BERTI DILA SEPTIANA', 'XIIRPL4'),
('4143/1208-070', 'Bilal Sapto Nugroho', 'XIIRPL5'),
('4144/1209-070', 'Bima Susila Mukti', 'XIIRPL3'),
('4145/1210-070', 'BUNGA PRAMESTI SAVITRI', 'XIIRPL1'),
('4145/1328-071', 'DHIKA AYU KURNIAWATI', 'XIITKJ4'),
('4146/1211-070', 'CAHYANINGRUM ARGYANTI WIJANARKO', 'XIIRPL1'),
('4147/1212-070', 'Candra Kharista Putra', 'XIIRPL1'),
('4148/1213-070', 'Cesar Wahyu Cahya Aprilla', 'XIIRPL4'),
('4149/1214-070', 'CICILIA MARINDI PUTRI', 'XIIRPL5'),
('4150/1215-070', 'CINTA BERLIANA ANGGELAH', 'XIIRPL2'),
('4150/1333-071', 'Doni Oktavian Ibnu Effendi', 'XIITKJ2'),
('4151/1216-070', 'Daffa Wisesa Nugraha', 'XIIRPL2'),
('4152/1217-070', 'DANI SUNGKAR MAWARNI', 'XIIRPL5'),
('4153/1218-070', 'DETRY AJENG PRATIWI', 'XIIRPL2'),
('4154/1219-070', 'DEWI AZIZAH SATYARINI SUGIONO', 'XIIRPL3'),
('4155/1220-070', 'DEWI WENING MULYO PUTRI', 'XIIRPL5'),
('4156/1221-070', 'DHITA SHANDY FARISTYAWATI', 'XIIRPL3'),
('4157/1222-070', 'DINDA AYU PITALOKA', 'XIIRPL2'),
('4158/1223-070', 'DINI NIKMATUL HASANAH', 'XIIRPL5'),
('4159/1224-070', 'DINI PUJI LESTARI', 'XIIRPL3'),
('4159/1342-071', 'EVI SRI BAWANIAWATI', 'XIITKJ2'),
('4160/1225-070', 'DITA AYU NURCHAYANI PUTRI', 'XIIRPL2'),
('4160/1343-071', 'EVIETANIA CHARIS SUJADI', 'XIITKJ3'),
('4161/1226-070', 'DWI ENGGAR PURBOWATI', 'XIIRPL1'),
('4162/1227-070', 'Dzaki Surtika Nugraha', 'XIIRPL1'),
('4163/1228-070', 'EDWISEPTANIA RIZKYTA DYAH A. P.', 'XIIRPL5'),
('4163/1346-071', 'FAJARISMA ASFIANA PUTRI', 'XIITKJ1'),
('4164/1229-070', 'EFFIDA NUR MAULIDIYAH', 'XIIRPL2'),
('4164/1347-071', 'Fakhru Dzul Fahmi', 'XIITKJ1'),
('4165/1230-070', 'EKA CINDI FEBRU ANITA SUGIYANTO', 'XIIRPL2'),
('4166/1231-070', 'Ellang Pandhu Yoandris Ardian Wiranata', 'XIIRPL4'),
('4167/1232-070', 'EMALIA RIZQY NANJARWADI', 'XIIRPL4'),
('4168/1351-071', 'Firdo Yudhantara', 'XIITKJ1'),
('4169/1234-070', 'Enrico Didan Ramadhani', 'XIIRPL3'),
('4170/1235-070', 'Erda Ul''haq Bagig Dana', 'XIIRPL1'),
('4170/1353-071', 'FITRA ARDINA', 'XIITKJ2'),
('4171/1236-070', 'ERINE RAHARJO', 'XIIRPL3'),
('4172/1237-070', 'ERLINA NOVITA PUTRI', 'XIIRPL4'),
('4173/1238-070', 'Evan Roy Darmawan', 'XIIRPL5'),
('4174/1239-070', 'Fadhil Ikhsanta', 'XIIRPL1'),
('4175/1240-070', 'Fadil Ghulam Pratama', 'XIIRPL3'),
('4176/1241-070', 'FANI FERINA SANI', 'XIIRPL5'),
('4176/1359-071', 'GRESSIA OLI VERA NADA', 'XIITKJ2'),
('4177/1242-070', 'Feisal Ramdhan Heriansyah', 'XIIRPL2'),
('4178/1243-070', 'FINA RIZKY PRATIWI', 'XIIRPL2'),
('4179/1244-070', 'FIRDA NAUFAL AZIZAH', 'XIIRPL2'),
('4180/1245-070', 'Firmaydani Wahyu Alamsyah', 'XIIRPL1'),
('4180/1363-071', 'HANA RACHMA CITRA', 'XIITKJ3'),
('4181/1246-070', 'Fuad Dzaky Rizaldy', 'XIIRPL5'),
('4182/1247-070', 'Gandhy Bagoes Cahyono', 'XIIRPL1'),
('4183/1248-070', 'Ghifary Maulana Fanony', 'XIIRPL4'),
('4184/1249-070', 'GIZELLA PRALISTYA VELDA PAMBAYUN', 'XIIRPL4'),
('4184/1367-071', 'Ilham Syarif Samudra', 'XIITKJ4'),
('4185/1250-070', 'Hafizh Subhan Mahdiy', 'XIIRPL5'),
('4186/1251-070', 'Hamzah Humam', 'XIIRPL3'),
('4187/1252-070', 'Hanan Aulia Rahman', 'XIIRPL1'),
('4188/1253-070', 'HILGA DAMAYANTI', 'XIIRPL2'),
('4188/1371-071', 'Irham Dida Maulana Budiarto', 'XIITKJ2'),
('4189/1254-070', 'Hilmi Aziz Bukhori', 'XIIRPL1'),
('4190/1255-070', 'Ikmal Hamas', 'XIIRPL5'),
('4191/1256-070', 'Imam Naufal Faruq Ramaputra', 'XIIRPL1'),
('4191/1374-071', 'KANIA LAKSITA INADHI', 'XIITKJ2'),
('4192/1257-070', 'Indra Dwi Virnandi', 'XIIRPL4'),
('4193/1258-070', 'INTI SETIA NINGTYAS', 'XIIRPL1'),
('4193/1376-071', 'KIKI NUR RACHMAWATI', 'XIITKJ3'),
('4194/1259-070', 'IRA MARETTA DEWI', 'XIIRPL2'),
('4195/1260-070', 'JIHAN FIE DHANESWARA', 'XIIRPL2'),
('4196/1261-070', 'JUNIA HIMMAYATI', 'XIIRPL4'),
('4197/1262-070', 'KEN DHEANIS ADHINE SALSABILA', 'XIIRPL2'),
('4198/1263-070', 'KENI AMALIA YUWANDIKA', 'XIIRPL4'),
('4198/1381-071', 'Luqmanul Hakim Faridiyanto', 'XIITKJ2'),
('4199/1264-070', 'KRISNA WAHYU KUMALASARI', 'XIIRPL4'),
('4200/1265-070', 'KURNIA NOVITASARI DARDIRI', 'XIIRPL5'),
('4201/1266-070', 'LOLA ADELLIA', 'XIIRPL3'),
('4202/1267-070', 'LUIS ANGGRAENI', 'XIIRPL2'),
('4203/1268-070', 'MAHARDIKA PUTRI PERTIWI', 'XIIRPL3'),
('4203/1386-071', 'Moch. Roffy Rivaldy', 'XIITKJ4'),
('4204/1269-070', 'MARISKA SERLY DIANTI', 'XIIRPL2'),
('4205/1270-070', 'Michael Dimas Bramantyo Wicaksono', 'XIIRPL1'),
('4206/1271-070', 'Moch. Alvian Dwi Lestari', 'XIIRPL2'),
('4207/1272-070', 'Moch. Lutfi Pamungkas', 'XIIRPL2'),
('4207/1390-071', 'Mochammad Syaifuddin Khasani', 'XIITKJ1'),
('4208/1273-070', 'Mohamad Irfan Nafiyanto', 'XIIRPL5'),
('4209/1274-070', 'Moh. Abdullah Mohtar', 'XIIRPL5'),
('4210/1275-070', 'Moh. Ibnu Bachrudin', 'XIIRPL3'),
('4210/1393-071', 'Muchammad Muzakky', 'XIITKJ3'),
('4211/1276-070', 'Mokhamad Dadik Kusuma', 'XIIRPL4'),
('4212/1277-070', 'Muchammad Febry Catur Subagyo', 'XIIRPL2'),
('4212/1395-071', 'Muhammad Dimas Farhanriza', 'XIITKJ2'),
('4213/1278-070', 'Muchammad Fikri Izzuddin', 'XIIRPL1'),
('4214/1279-070', 'Mufti Alie Satriawan', 'XIIRPL5'),
('4215/1280-070', 'Muhammad Afkar Subhan', 'XIIRPL2'),
('4216/1281-070', 'Muhammad Anwari       ', 'XIIRPL5'),
('4217/1282-070', 'Muhammad Daffa Attariq', 'XIIRPL2'),
('4217/1400-071', 'Muhammad Rizqi', 'XIITKJ4'),
('4218/1283-070', 'Muhammad Iqbal Waliyuddiin', 'XIIRPL2'),
('4219/1284-070', 'Muhammad Mufidz Alfaizin', 'XIIRPL4'),
('4220/1285-070', 'Muhammad Muhsin', 'XIIRPL4'),
('4220/1403-071', 'Nafis Iman Ar-Radhwa', 'XIITKJ4'),
('4221/1286-070', 'Muhammad Pandu Widodo', 'XIIRPL1'),
('4222/1287-070', 'Muhammad Rafi Raharjo', 'XIIRPL1'),
('4223/1288-070', 'Muhammad Rintohadi Prawiro', 'XIIRPL2'),
('4224/1289-070', 'Muhammad Syafrizal', 'XIIRPL5'),
('4225/1290-070', 'Muhammad Yahya D.', 'XIIRPL3'),
('4225/1408-071', 'PRAJNA PARAMITHA HERIJANTO', 'XIITKJ3'),
('4226/1291-070', 'Muhammad Zhorif Fadhlurrohman', 'XIIRPL1'),
('4227/1292-070', 'NABILA NUGRAHENI', 'XIIRPL1'),
('4228/1293-070', 'NABILA QONITAH LISHANDARY', 'XIIRPL3'),
('4229/1294-070', 'NADIA WIDY OKTAVIANI', 'XIIRPL1'),
('4230/1295-070', 'NAILY AIS HANANI', 'XIIRPL4'),
('4230/1413-071', 'Reinca Tama Millenia', 'XIITKJ3'),
('4231/1296-070', 'NESYA ROGAWATI', 'XIIRPL5'),
('4232/1297-070', 'NI MADE DISTIARA LANDEPHY A.', 'XIIRPL1'),
('4233/1298-070', 'NIKE AYU VALENTINA', 'XIIRPL5'),
('4234/1299-070', 'NINA WULANSARI', 'XIIRPL4'),
('4234/1417-071', 'Rinaldy Dewa Perdanakusuma', 'XIITKJ2'),
('4235/1300-070', 'NINDA SABILLA SISWANDANA', 'XIIRPL3'),
('4236/1301-070', 'NINDI ADITAMITAMALA', 'XIIRPL1'),
('4237/1302-070', 'NIRMA AINUN MAHVIROH', 'XIIRPL4'),
('4237/1420-071', 'RIZKI AMALIA ROSITA', 'XIITKJ4'),
('4238/1303-070', 'Norton Rafli Ahmad Q.Z.', 'XIIRPL5'),
('4239/1304-070', 'NOVALIA WIDYA POPY KRISTANTI', 'XIIRPL3'),
('4240/1305-070', 'NUR FITRIANA RACHMAWATI', 'XIIRPL4'),
('4241/1306-070', 'NUR LINDA RAMADHANTI', 'XIIRPL3'),
('4241/1424-071', 'Salim A Vad''aq', 'XIITKJ2'),
('4243/1308-070', 'PASHA ANISA HERDWIYANTI RAMADHANI', 'XIIRPL3'),
('4244/1309-070', 'PRATIWI RESPATINING RATRI', 'XIIRPL5'),
('4245/1310-070', 'PRIMA LISTIANTI', 'XIIRPL3'),
('4246/1311-070', 'Putra Tri Kurniawan', 'XIIRPL3'),
('4246/1429-071', 'Shendy Febrian Diantirta', 'XIITKJ4'),
('4247/1312-070', 'PUTRI ADITYA PRATAMA', 'XIIRPL2'),
('4248/1313-070', 'PUTRI AFIATUS SHOLICHAH', 'XIIRPL5'),
('4248/1431-071', 'SITI AGHATA ROMIZAH YASMIN TAVIA', 'XIITKJ1'),
('4249/1314-070', 'RAHAJENG VIOLITA', 'XIIRPL4'),
('4250/1315-070', 'Rama Septriduta Surya Negara', 'XIIRPL4'),
('4250/1433-071', 'Sulthan Shidqi', 'XIITKJ2'),
('4251/1316-070', 'Ramadeva Fatahillah Putra Purnomo', 'XIIRPL3'),
('4251/1434-071', 'SYAFIRAH AISYAH', 'XIITKJ1'),
('4252/1317-070', 'RANI DEWI ARISTHANIA', 'XIIRPL3'),
('4252/1435-071', 'Syahdanny Alhamda', 'XIITKJ3'),
('4253/1318-070', 'RASENDRIYA WIDYA APTANTI', 'XIIRPL4'),
('4253/1436-071', 'Teguh Fajar Akhlifi', 'XIITKJ3'),
('4254/1319-070', 'REGINA ACINTYA PRESTIANA M.', 'XIIRPL1'),
('4255/1320-070', 'RESTA KHOLIFATUL INAYAH', 'XIIRPL2'),
('4256/1321-070', 'RIFANI IRA PAJIRA', 'XIIRPL5'),
('4257/1322-070', 'RIMA ANGGRAINI', 'XIIRPL4'),
('4258/1323-070', 'RINDI TIARA PUTRI ANGGRAINI', 'XIIRPL3'),
('4259/1324-070', 'Rio Ranu Pratama', 'XIIRPL3'),
('4260/1325-070', 'RIZA RAMADHANI', 'XIIRPL2'),
('4261/1326-070', 'Rizki Putra Bahari', 'XIIRPL4'),
('4262/1327-070', 'Robertus Piero Harianto', 'XIIRPL4'),
('4263/1328-070', 'Ryan Farrel Idiarto', 'XIIRPL2'),
('4264/1329-070', 'SALMA AYU FAHIRA', 'XIIRPL5'),
('4265/1330-070', 'SALSA SASMITA MUKTI', 'XIIRPL1'),
('4265/1448-071', 'Yusuf Putra Al Azhar', 'XIITKJ1'),
('4266/1331-070', 'Sandy Argya Pradipta', 'XIIRPL2'),
('4266/1449-071', 'Zulfikar Arif Taufiqurrochman', 'XIITKJ3'),
('4267/1332-070', 'Sandy Novarizky Budi Susila', 'XIIRPL1'),
('4268/1333-070', 'SASKI AMALIA HASTUTI', 'XIIRPL3'),
('4269/1334-070', 'SASKIA AMALIA PUSPITA DEWI', 'XIIRPL2'),
('4270/1335-070', 'Satrio Bagus Pamungkas', 'XIIRPL4'),
('4271/1336-070', 'SHAFIRA PRAMATANA RACHMADANTI', 'XIIRPL2'),
('4272/1337-070', 'SHALSHA ABHIEL HERNANDA PUTRI', 'XIIRPL4'),
('4273/1338-070', 'SHANIA ASTI MAFAZA', 'XIIRPL3'),
('4274/1339-070', 'SHANTY AYU DWI DARMAWAN', 'XIIRPL5'),
('4275/1340-070', 'SHEILA FATANIHZA SAFITRI', 'XIIRPL4'),
('4276/1341-070', 'SHELLA ANISA FADWA', 'XIIRPL1'),
('4277/1342-070', 'SHIFA AMELIA ARISTA', 'XIIRPL4'),
('4278/1343-070', 'Sigit Apriyanur Rohim', 'XIIRPL4'),
('4279/1344-070', 'SINTA AYU SABILLA', 'XIIRPL5'),
('4280/1345-070', 'SITI MEI RIZKI MELANI', 'XIIRPL3'),
('4281/1346-070', 'SONIA CYNTHIA ELCHITIAN', 'XIIRPL5'),
('4282/1347-070', 'Sudrajad Jati Laksono', 'XIIRPL2'),
('4284/1349-070', 'Sultan Leosko Akbar Atjil', 'XIIRPL5'),
('4285/1350-070', 'TEFANI DIVA WIBOWO', 'XIIRPL1'),
('4286/1351-070', 'TITANIA PUTRI KUMALA DEWI', 'XIIRPL2'),
('4287/1352-070', 'Toddy Ezra Anugerah', 'XIIRPL2'),
('4288/1353-070', 'TRISCHA NUR LAILA', 'XIIRPL1'),
('4289/1354-070', 'Vegas Zuba''ir', 'XIIRPL3'),
('4290/1355-070', 'Vergie Ericson T.', 'XIIRPL1'),
('4291/1356-070', 'VINNY KARTIKA ALIFIANA', 'XIIRPL5'),
('4292/1357-070', 'Widia Satria Perdana', 'XIIRPL3'),
('4293/1358-070', 'WIDYA RESTIANI', 'XIIRPL3'),
('4294/1359-070', 'Widyarso Joko Purnomo', 'XIIRPL1'),
('4295/1360-070', 'WIKUDHARA SHOFRINA WIJAYA', 'XIIRPL3'),
('4296/1361-070', 'Wisnu Damar Priambodo', 'XIIRPL3'),
('4297/1362-070', 'Yoga Priyandani Sulton', 'XIIRPL5'),
('4298/1363-070', 'Yulfaisal Auliarahman Luhtari', 'XIIRPL4'),
('4299/1364-070', 'YULIA HESTI UTAMI', 'XIIRPL4');

/*!40101 SET CHARACTER_SET_CLIENT=@OLD_CHARACTER_SET_CLIENT */;
/*!40101 SET CHARACTER_SET_RESULTS=@OLD_CHARACTER_SET_RESULTS */;
/*!40101 SET COLLATION_CONNECTION=@OLD_COLLATION_CONNECTION */;
